{"stats":{"minecraft:custom":{"minecraft:jump":172,"minecraft:open_chest":2,"minecraft:time_since_rest":1911,"minecraft:damage_dealt":75,"minecraft:crouch_one_cm":27556,"minecraft:leave_game":2,"minecraft:play_time":16491,"minecraft:sprint_one_cm":26976,"minecraft:damage_taken":410,"minecraft:time_since_death":1910,"minecraft:walk_one_cm":84722,"minecraft:sneak_time":1424,"minecraft:total_world_time":16491,"minecraft:fall_one_cm":2684,"minecraft:fly_one_cm":89301,"minecraft:deaths":1},"minecraft:mined":{"minecraft:yellow_carpet":1},"minecraft:used":{"minecraft:quartz_block":1,"minecraft:yellow_carpet":1,"minecraft:ender_pearl":1,"minecraft:red_concrete":1},"minecraft:picked_up":{"minecraft:yellow_carpet":1,"minecraft:light_gray_carpet":8}},"DataVersion":2730}