{"stats":{"minecraft:used":{"minecraft:diamond_pickaxe":24,"minecraft:bow":1,"minecraft:red_wool":297,"minecraft:blue_wool":154,"minecraft:shears":12,"minecraft:obsidian":26},"minecraft:custom":{"minecraft:time_since_rest":1354,"minecraft:crouch_one_cm":20663,"minecraft:sprint_one_cm":93599,"minecraft:play_time":31739,"minecraft:deaths":20,"minecraft:damage_taken":260,"minecraft:walk_one_cm":75837,"minecraft:sneak_time":2869,"minecraft:jump":723,"minecraft:leave_game":5,"minecraft:time_since_death":1353,"minecraft:total_world_time":33658,"minecraft:fall_one_cm":4851,"minecraft:fly_one_cm":316183},"minecraft:mined":{"minecraft:blue_carpet":2,"minecraft:lime_carpet":10,"minecraft:red_wool":12,"minecraft:red_bed":7,"minecraft:red_concrete":4,"minecraft:infested_chiseled_stone_bricks":5,"minecraft:mossy_stone_bricks":3,"minecraft:quartz_pillar":2,"minecraft:chiseled_quartz_block":1,"minecraft:obsidian":2,"minecraft:cobbled_deepslate_wall":4,"minecraft:blue_bed":5},"minecraft:picked_up":{"minecraft:red_wool":9,"minecraft:obsidian":2}},"DataVersion":2975}