{"stats":{"minecraft:crafted":{"minecraft:leather_leggings":1,"minecraft:leather_boots":1,"minecraft:leather_helmet":1,"minecraft:leather_chestplate":4},"minecraft:custom":{"minecraft:interact_with_anvil":3,"minecraft:mob_kills":54,"minecraft:interact_with_crafting_table":3,"minecraft:leave_game":124,"minecraft:time_since_death":1012,"minecraft:damage_resisted":440,"minecraft:sprint_one_cm":6242984,"minecraft:walk_one_cm":4239408,"minecraft:drop":249,"minecraft:play_time":6298211,"minecraft:deaths":619,"minecraft:sneak_time":116387,"minecraft:jump":43693,"minecraft:total_world_time":6533364,"minecraft:sleep_in_bed":6,"minecraft:time_since_rest":1013,"minecraft:damage_taken":16856,"minecraft:damage_dealt":7302,"minecraft:interact_with_beacon":4,"minecraft:fly_one_cm":36649784,"minecraft:open_chest":291,"minecraft:crouch_one_cm":120057,"minecraft:fall_one_cm":122412},"minecraft:killed_by":{"minecraft:silverfish":1},"minecraft:dropped":{"minecraft:iron_ingot":5,"minecraft:repeating_command_block":1,"minecraft:diamond":3,"minecraft:amethyst_block":2,"minecraft:red_wool":2,"minecraft:copper_ingot":1,"minecraft:quartz_pillar":2,"minecraft:yellow_carpet":1,"minecraft:red_carpet":26,"minecraft:emerald":3,"minecraft:red_bed":5,"minecraft:repeater":1,"minecraft:lime_carpet":6,"minecraft:white_wool":139,"minecraft:blue_carpet":2,"minecraft:gray_carpet":1,"minecraft:blue_bed":2,"minecraft:redstone_block":6,"minecraft:gold_ingot":1,"minecraft:redstone":1,"minecraft:red_concrete":130,"minecraft:netherite_ingot":1,"minecraft:chiseled_quartz_block":1,"minecraft:blue_wool":2,"minecraft:red_banner":1,"minecraft:oak_planks":3,"minecraft:blue_concrete":2,"minecraft:structure_block":6,"minecraft:green_concrete":2,"minecraft:light_gray_carpet":11,"minecraft:quartz_bricks":2,"minecraft:light_gray_concrete":2,"minecraft:budding_amethyst":1,"minecraft:light":1,"minecraft:sea_lantern":5,"minecraft:quartz_block":2,"minecraft:blue_banner":1,"minecraft:iron_bars":8,"minecraft:chain_command_block":1,"minecraft:oak_leaves":1,"minecraft:quartz_slab":2},"minecraft:picked_up":{"minecraft:shulker_shell":8,"minecraft:redstone_block":6,"minecraft:diamond_sword":4,"minecraft:stone_brick_stairs":1,"minecraft:light":1,"minecraft:blue_concrete":105,"minecraft:amethyst_block":24,"minecraft:red_bed":261,"minecraft:netherite_ingot":1,"minecraft:netherite_sword":1,"minecraft:stick":3,"minecraft:copper_ingot":1,"minecraft:quartz_pillar":22,"minecraft:prismarine_crystals":4,"minecraft:blue_carpet":68,"minecraft:tnt":3,"minecraft:quartz_block":3,"minecraft:command_block":2,"minecraft:stone_sword":4,"minecraft:lime_carpet":7,"minecraft:rotten_flesh":3,"minecraft:shears":4,"minecraft:iron_block":1,"minecraft:gold_ingot":1,"minecraft:obsidian":4,"minecraft:iron_bars":8,"minecraft:white_wool":8,"minecraft:chiseled_quartz_block":11,"minecraft:blue_bed":23,"minecraft:red_carpet":1263,"minecraft:bow":1,"minecraft:iron_ingot":5,"minecraft:cooked_chicken":1,"minecraft:stone_pickaxe":3,"minecraft:oak_planks":18,"minecraft:iron_sword":4,"minecraft:yellow_concrete":1,"minecraft:red_wool":151,"minecraft:lime_concrete":18,"minecraft:red_banner":3,"minecraft:sea_lantern":4,"minecraft:light_gray_concrete":1,"minecraft:yellow_carpet":3,"minecraft:diamond":4,"minecraft:stone_axe":4,"minecraft:diamond_axe":4,"minecraft:bone_meal":3,"minecraft:golden_apple":4,"minecraft:emerald":3,"minecraft:blue_banner":18,"minecraft:light_gray_carpet":6807,"minecraft:red_concrete":37,"minecraft:diamond_pickaxe":2,"minecraft:ender_pearl":3},"minecraft:killed":{"minecraft:shulker":12,"minecraft:silverfish":14,"minecraft:sheep":10,"minecraft:zombie":9},"minecraft:mined":{"minecraft:blue_carpet":111,"minecraft:red_carpet":179,"minecraft:mossy_stone_brick_slab":4,"minecraft:light_blue_carpet":3,"minecraft:obsidian":2,"minecraft:budding_amethyst":17,"minecraft:chiseled_polished_blackstone":10,"minecraft:blue_concrete":45,"minecraft:infested_chiseled_stone_bricks":20,"minecraft:polished_deepslate_slab":1,"minecraft:small_amethyst_bud":2,"minecraft:light_gray_concrete":4,"minecraft:iron_block":6,"minecraft:white_wool":27,"minecraft:blue_wall_banner":9,"minecraft:quartz_block":15,"minecraft:red_wool":56,"minecraft:red_bed":303,"minecraft:chiseled_quartz_block":53,"minecraft:cobbled_deepslate_wall":1,"minecraft:structure_void":152,"minecraft:chest":13,"minecraft:lime_carpet":147,"minecraft:quartz_bricks":8,"minecraft:red_concrete":71,"minecraft:oak_planks":15,"minecraft:blue_bed":50,"minecraft:amethyst_block":21,"minecraft:lime_concrete":6,"minecraft:quartz_pillar":12,"minecraft:red_wall_banner":3,"minecraft:end_rod":1020,"minecraft:mossy_stone_bricks":20},"minecraft:used":{"minecraft:oak_fence":10,"minecraft:oak_trapdoor":9,"minecraft:moss_carpet":7,"minecraft:iron_bars":58,"minecraft:polished_deepslate":5,"minecraft:chiseled_deepslate":27,"minecraft:flint_and_steel":9,"minecraft:cracked_deepslate_bricks":13,"minecraft:smooth_quartz_slab":6,"minecraft:red_concrete":833,"minecraft:light_gray_carpet":279,"minecraft:chest":33,"minecraft:tinted_glass":25,"minecraft:iron_sword":1,"minecraft:stone":4,"minecraft:quartz_stairs":18,"minecraft:player_head":4,"minecraft:mossy_stone_brick_slab":27,"minecraft:structure_block":343,"minecraft:debug_stick":531,"minecraft:dirt":661,"minecraft:anvil":3,"minecraft:blue_stained_glass":1,"minecraft:deepslate_tile_slab":216,"minecraft:cracked_deepslate_tiles":6,"minecraft:deepslate_brick_slab":20,"minecraft:yellow_carpet":8,"minecraft:blue_concrete":269,"minecraft:obsidian":52,"minecraft:mossy_cobblestone_stairs":2,"minecraft:stone_brick_slab":19,"minecraft:sea_lantern":158,"minecraft:quartz_pillar":572,"minecraft:light_gray_stained_glass":66,"minecraft:quartz_slab":52,"minecraft:red_wool":999,"minecraft:iron_block":24,"minecraft:lantern":11,"minecraft:iron_axe":83,"minecraft:polished_deepslate_wall":4,"minecraft:quartz_block":1446,"minecraft:light_blue_bed":3,"minecraft:smooth_quartz":36,"minecraft:stone_brick_stairs":52,"minecraft:red_stained_glass_pane":3,"minecraft:blue_banner":166,"minecraft:red_carpet":164,"minecraft:bedrock":2,"minecraft:light_gray_wool":8,"minecraft:glowstone":29,"minecraft:lime_concrete":641,"minecraft:bow":12,"minecraft:emerald_block":445,"minecraft:infested_cracked_stone_bricks":4,"minecraft:iron_trapdoor":46,"minecraft:beetroot_seeds":111,"minecraft:netherite_pickaxe":299,"minecraft:gold_block":40,"minecraft:end_stone_brick_stairs":9,"minecraft:cobbled_deepslate_wall":66,"minecraft:deepslate_brick_wall":16,"minecraft:light_blue_carpet":80,"minecraft:quartz_bricks":535,"minecraft:chiseled_polished_blackstone":10,"minecraft:mossy_stone_bricks":17,"minecraft:end_rod":18,"minecraft:end_stone_bricks":8,"minecraft:amethyst_block":49,"minecraft:red_stained_glass":2,"minecraft:lime_wool":16,"minecraft:oak_planks":126,"minecraft:blue_wool":70,"minecraft:blackstone":24,"minecraft:mossy_stone_brick_stairs":2,"minecraft:redstone_block":277,"minecraft:end_stone_brick_slab":9,"minecraft:composter":4,"minecraft:structure_void":14,"minecraft:blue_bed":58,"minecraft:beacon":7,"minecraft:cobblestone_slab":6,"minecraft:deepslate_bricks":5,"minecraft:waxed_copper_block":8,"minecraft:oak_leaves":19,"minecraft:white_wool":501,"minecraft:infested_chiseled_stone_bricks":8,"minecraft:polished_deepslate_slab":101,"minecraft:diamond_block":295,"minecraft:comparator":102,"minecraft:light_blue_concrete":8,"minecraft:tnt":12,"minecraft:crafting_table":1,"minecraft:red_bed":336,"minecraft:yellow_concrete":10,"minecraft:chiseled_quartz_block":940,"minecraft:gray_concrete":3,"minecraft:cobbled_deepslate_stairs":16,"minecraft:shears":50,"minecraft:deepslate_brick_stairs":1,"minecraft:lightning_rod":2,"minecraft:deepslate_tile_wall":31,"minecraft:birch_fence":9,"minecraft:deepslate_tiles":15,"minecraft:light":225,"minecraft:diamond_pickaxe":77,"minecraft:black_concrete":1,"minecraft:firework_rocket":1,"minecraft:daylight_detector":21,"minecraft:acacia_sign":8,"minecraft:command_block":60,"minecraft:lime_carpet":476,"minecraft:light_gray_concrete":45,"minecraft:cracked_polished_blackstone_bricks":1,"minecraft:bread":7,"minecraft:barrier":65,"minecraft:iron_pickaxe":138,"minecraft:netherite_axe":8,"minecraft:budding_amethyst":32,"minecraft:flowering_azalea_leaves":5,"minecraft:polished_andesite_slab":2,"minecraft:blackstone_slab":13,"minecraft:blue_carpet":7,"minecraft:green_carpet":22,"minecraft:azalea_leaves":7,"minecraft:cobbled_deepslate_slab":4,"minecraft:dark_oak_fence":23,"minecraft:red_banner":256,"minecraft:chain_command_block":6,"minecraft:chain":2,"minecraft:repeating_command_block":74,"minecraft:gray_stained_glass":2}},"DataVersion":2975}